DATA,PERIODO,NOME_EVENTO,DISTANCIA,MEDALHA,INFANTIL,LOCAL,MODALIDADE,VALOR,SITE
23/02/2025,Manhã,Circuito Runaway 2025 - etapa êxito - Osasco,,,,Osasco-SP,Corrida de rua,,https://esportividade.com.br/evento/circuito-runaway-2024-etapa-exito-osasco/
23/02/2025,Manhã,Mazza Run 2025 - São Bernardo do Campo,,,,São Bernardo do Campo-SP,Corrida de rua,,https://esportividade.com.br/evento/mazza-run-2025-sao-bernardo-do-campo/
23/02/2025,Manhã,Miracatu - Circuito das Serras 2024/2025,,,,Interior/litoral-SP,Corrida de montanha,,
23/02/2025,Manhã,Circuito Tricolor de natação - etapa de fevereiro de 2025,,,,São Paulo - Zona Oeste,Natação,,https://esportividade.com.br/evento/circuito-tricolor-de-natacao-etapa-de-fevereiro-de-2025/
23/02/2025,Manhã,19° SP Run - 2025 - shopping SP Market,,,,São Paulo - Zona Sul,Corrida de rua,,https://esportividade.com.br/evento/19a-sp-run-2025-shopping-sp-market/
23/02/2025,Manhã,19° SP Run - 2025,4/8,SIM,NÃO,Shopping SP Market - Zona Sul,Corrida de Rua,110,00 (1°Lote),https://www.ticketsports.com.br/e/19-sp-run-shopping-sp-market-70970?origem=esportividade&campanha=esportividade
01/03/2025,Manhã,7° Corrida da Folia de Taboão da Serra - 2025,,,,Taboão da Serra-SP,Corrida de rua,,https://esportividade.com.br/evento/7a-corrida-da-folia-de-taboao-da-serra-2025/
02/03/2025,Manhã,Corrida do Balacobaco e Folia Run 2025 - Indaiatuba,,,,Interior/litoral-SP,Corrida de rua,,https://esportividade.com.br/evento/corrida-do-balacobaco-e-folia-run-2025-indaiatuba/
03/03/2025,Manhã,Corrida Embu Folia 2025,,,,Embu das Artes-SP,Corrida de rua,,https://esportividade.com.br/evento/corrida-embu-folia-2025/
08/03/2025,,4° Cau Saad no shopping Parque da Cidade - março de 2025,,,,São Paulo - Zona Sul,Treinamento funcional,,https://esportividade.com.br/evento/4o-cau-saad-no-shopping-parque-da-cidade-marco-de-2025/
09/03/2025,,Etapa de Santos - LIVE! RUN XP 2025,,,,Interior/litoral-SP,Corrida de rua, Corrida infantil,
09/03/2025,Manhã,Iguatemi Ribeirão Preto etapa I de 2025  - Santander Track&Field Run Series,,,,Interior/litoral-SP,Corrida de rua,,https://esportividade.com.br/evento/iguatemi-ribeirao-preto-etapa-i-de-2025-santander-trackfield-run-series/
09/03/2025,Manhã,Iguatemi Campinas 2025 etapa I - Santander Track&Field Run Series,,,,Interior/litoral-SP,Corrida de rua,,https://esportividade.com.br/evento/iguatemi-campinas-2025-etapa-i-santander-trackfield-run-series/
09/03/2025,Manhã,Holi Run 2025 - corrida das cores -  parque Villa-Lobos,,,,São Paulo - Zona Oeste,Corrida de rua,,https://esportividade.com.br/evento/holi-run-2025-corrida-das-cores-parque-villa-lobos/
09/03/2025,Manhã,Elas em Movimento 2025 - Rio Grande da Serra,,,,Rio Grande da Serra-SP,Corrida de rua, Corrida de trilha,
09/03/2025,Manhã,Treinão gratuito Divas que Correm 2025 - Sorocaba,,,,Interior/litoral-SP,Corrida de rua,,https://esportividade.com.br/evento/treinao-gratuito-divas-que-correm-2025-sorocaba/
09/03/2025,Manhã,Run For Girls 2025 - Piracicaba,,,,Interior/litoral-SP,Corrida de rua, Corrida feminina,
09/03/2025,Manhã,Princesas Run - março de 2025 - Parque Ecológico do Tietê,,,,São Paulo - Zona Leste,Corrida de rua, Corrida de trilha, Corrida feminina
09/03/2025,Manhã,Holi Run 2025 - corrida das cores,3/5,SIM,SIM,Parque villa lobos, São Paulo, SP, Brasil,Corrida de Rua,249,00 + R$ 23,66 taxa de servi�o (KIT B�SICO),https://www.ticketsports.com.br/e/holi-run-corrida-das-cores-2025-70477?origem=esportividade&campanha=esportividade
09/03/2025,Manhã,Princesas Run,5,SIM,NÃO,Parque Ecológico do Tietê - Zona Leste,Corrida de Rua,a partir de R$ 87,99,http://www.ticketsports.com.br/e/2-princesas-run-2025-parque-ecologico-do-tiete-70676
15/03/2025,,Treinão Maratona de São Paulo 2025 - Centro Ol�mpico,,,,São Paulo - Zona Sul,Atletismo, Corrida de rua,
15/03/2025,Tarde,Etapa Poente da Ville Sainte Anne Family Run - Campinas - 2025,,,,Interior/litoral-SP,Corrida de rua,,https://esportividade.com.br/evento/ville-sainte-anne-family-run-campinas-2025/
16/03/2025,,Circuito das Estações 2025 - etapa Outono - São Paulo,,,,São Paulo - Centro,Corrida de rua,,https://esportividade.com.br/evento/circuito-das-estacoes-2025-etapa-outono-sao-paulo/
16/03/2025,Manhã,Athenas 21.1k 2025 - Run Faster - São Paulo,,,,São Paulo - Zona Oeste,Corrida de rua, Corrida infantil,
16/03/2025,Manhã,EdanRun 2024 - São Paulo,,,,São Paulo - Zona Oeste,Corrida de rua,,https://esportividade.com.br/evento/edanrun-2024-sao-paulo/
16/03/2025,Manhã,Corrida Mulher-Maravilha 2024 - Itaquera - São Paulo,,,,São Paulo - Zona Leste,Corrida de rua, Corrida feminina,
16/03/2025,Manhã,7° Corrida Oficial de Itapevi - 2025,,,,Itapevi-SP,Corrida de rua,,https://esportividade.com.br/evento/7a-corrida-oficial-de-itapevi-2025/
16/03/2025,Manhã,Evoque Run 2025 - São Caetano do Sul,,,,São Caetano do Sul-SP,Corrida de rua,,https://esportividade.com.br/evento/evoque-run-2025-sao-caetano-do-sul/
16/03/2025,Manhã,Circuito das Estações 2025 - etapa Outono - São Paulo,5/10/13,SIM,NÃO,Praça Charles Miller/Pacaembu,Corrida de Rua,a partir de R$ 215,99,http://www.circuitodasestacoes.com.br
16/03/2025,Manhã,Athenas 21.1k 2025 - Run Faster - São Paulo,5/10/15/21.1,SIM,NÃO,Parque do Povo,Corrida de Rua,a partir de R$ 159,90 + taxa,https://iguanasports.com.br/blogs/calendario-corridas-de-rua/athenas-run-faster-2025
16/03/2025,Manhã,Athenas Kids 2025 - Run Faster - São Paulo,N/I,SIM,SIM,Parque do Povo,Corrida de Rua,a partir de R$ 159,90 + taxa,https://iguanasports.com.br/blogs/calendario-corridas-de-rua/athenas-run-faster-2027
16/03/2025,Manhã,EdanRun 2024 - São Paulo,5,SIM,SIM,Parque Villa-Lobos,Corrida de Rua,a partir de R$ 170,00 + taxa,http://edanrun.com.br/
16/03/2025,Manhã,Corrida Mulher-Maravilha 2025 - Itaquera - São Paulo,5,SIM,SIM,Shopping Metr� Itaquera,Corrida de Rua,a partir de R$ 181,50 + taxa,http://www.yescom.com.br/corridamulhermaravilha/2025/sp/index.asp
23/03/2025,,Girl Power Run 2025 - São Paulo,,,,São Paulo - Zona Oeste,Corrida de rua, Corrida feminina,
23/03/2025,,Bravus Race 2025 - Speed I - São Paulo,,,,Interior/litoral-SP,Corrida de obst�culos,,https://esportividade.com.br/evento/bravus-race-2025-speed-i-sao-paulo/
23/03/2025,Manhã,1° Shopping Cidade Jardim de 2025 - Santander Track&Field Run Series,,,,São Paulo - Zona Oeste,Corrida de rua,,https://esportividade.com.br/evento/1a-shopping-cidade-jardim-de-2025-santander-trackfield-run-series/
23/03/2025,Manhã,Circuito Oscar Fila 2025 - São José dos Campos - março,,,,Interior/litoral-SP,Corrida de rua,,https://esportividade.com.br/evento/circuito-oscar-fila-2025-sao-jose-dos-campos-marco/
23/03/2025,Manhã,Parque Vila do Rodeio - Circuito Popular de corrida de São Paulo 2025,,,,São Paulo - Zona Leste,Corrida de rua, Corrida infantil,
23/03/2025,Manhã,Etapa Sesc Florêncio de Abreu - Circuito Sesc de corridas 2025,,,,São Paulo - Centro,Corrida de rua,,https://esportividade.com.br/evento/etapa-do-sesc-florencio-de-abreu-circuito-sesc-de-corridas-2025/
23/03/2025,Manhã,Coisa Run 2025 - Santo André,,,,Santo André-SP,Corrida de rua,,https://esportividade.com.br/evento/coisa-run-2025-santo-andre/
23/03/2025,Manhã,Corrida Oxente Run 2025 - Ribeirão Pires,,,,Ribeirão Pires-SP,Corrida de rua,,https://esportividade.com.br/evento/corrida-oxente-run-2025-ribeirao-pires/
23/03/2025,Manhã,IGT23k 2025 - Igaratá,,,,Interior/litoral-SP,Corrida de montanha, Corrida de trilha,
23/03/2025,Manhã,Corrida Mulheres Largam na Frente 2025 - shopping Taboão,,,,Taboão da Serra-SP,Corrida de rua, Corrida feminina,
23/03/2025,Manhã,Circuito Popular de corrida de São Paulo 2025,5,SIM,SIM,Parque Vila do Rodeio,Corrida de Rua,Gratuito,Parque Vila do Rodeio - Circuito Popular de corrida de São Paulo 2025 - Esportividade - Guia de esporte de São Paulo e regi�o
23/03/2025,Manhã,Girl Power Run 2025 - São Paulo,5/10,SIM,SIM,Parque Villa-Lobos,Corrida de Rua,a partir de R$ 103,90,https://www.girlpowerseries.com.br/sao-paulo/
23/03/2025,Manhã,1° Shopping Cidade Jardim de 2025 - Santander Track&Field Run Series,N/I,SIM,NÃO,Shopping Cidade Jardim,Corrida de Rua,a partir de R$ 229,90,https://www.tfsports.com.br/run-series/cidade-jardim-i-1/
23/03/2025,Manhã,Etapa Sesc Florêncio de Abreu - Circuito Sesc de corridas 2025,5,SIM,SIM,Praça do Patriarca,Corrida de Rua,a partir de R$ 15,00,http://www.sescsp.org.br/programacao/circuito-sesc-de-corridas-etapa-florencio-de-abreu/
29/03/2025,,Corrida Granado Pink São Paulo 2025,,,,São Paulo - Zona Oeste,Corrida de rua, Corrida feminina,
29/03/2025,Noite,Corrida Ladies Run 2025 - São Paulo,,,,São Paulo - Zona Leste,Corrida de rua,,https://esportividade.com.br/evento/corrida-ladies-run-2025-sao-paulo/
29/03/2025,Noite,Corrida Ladies Run 2025 - São Paulo,N/I,SIM,NÃO,Ceret,Corrida de Rua,a partir de R$ 54,90,https://www.ticketsports.com.br/e/corrida-ladies-run-2025-71388?origem=esportividade&campanha=esportividade
30/03/2025,,Corrida Sírio-Libanês 2025 - São Paulo,,,,São Paulo - Zona Oeste,Corrida de rua,,https://esportividade.com.br/evento/corrida-sirio-libanes-2025-sao-paulo/
30/03/2025,Manhã,Santos 21,,,,,Interior/litoral-SP,Corrida de rua,
30/03/2025,Manhã,1° Center Norte de 2025 - Santander Track&Field Run Series,,,,São Paulo - Zona Norte,Corrida de rua, Corrida infantil,
30/03/2025,Manhã,Circuito Pague Menos 2025 - etapa Americana,,,,Interior/litoral-SP,Corrida de rua,,https://esportividade.com.br/evento/circuito-pague-menos-2025-etapa-americana/
30/03/2025,Manhã,Corrida e Caminhada pela IncluSão 2025 - Instituto Olga Kos,,,,São Paulo - Zona Sul,Corrida de rua,,https://esportividade.com.br/evento/corrida-e-caminhada-pela-inclusao-2025-instituto-olga-kos/
30/03/2025,Manhã,Corrida das Mulheres 2025 - Diadema,,,,Diadema-SP,Corrida de rua,,https://esportividade.com.br/evento/corrida-das-mulheres-2025-diadema/
30/03/2025,Manhã,Let's Run Girl 2025 - Barueri,,,,Barueri-SP,Corrida de rua, Corrida feminina,
30/03/2025,Manhã,Sesc Paulista - Treino de corrida gratuito - 30 de março de 2025,,,,São Paulo - Zona Sul,Corrida de rua,,https://esportividade.com.br/evento/sesc-paulista-treino-de-corrida-gratuito-30-de-marco-de-2025/
30/03/2025,Manhã,Corrida Sírio-Libanês 2025 - São Paulo,3/5/10,SIM,NÃO,Parque do Povo,Corrida de Rua,a partir de R$ 159,90,https://www.ticketsports.com.br/e/1-corrida-sirio-libanes-70547?origem=esportividade&campanha=esportividade
30/03/2025,Manhã,1° Center Norte de 2025 - Santander Track&Field Run Series,N/I,SIM,SIM,Shopping Center Norte,Corrida de Rua,a partir de R$ 169,90,http://www.tfsports.com.br/run-series/centernortei-25/
30/03/2025,Manhã,Corrida e Caminhada pela IncluSão 2025 - Instituto Olga Kos,6/10,SIM,SIM,Obelisco: Ibirapuera,Corrida de Rua,a partir de R$ 75,00,https://www.ticketsports.com.br/e/corrida-e-caminhada-pela-inclusao-olga-kos-ano-xi-70600?origem=esportividade&campanha=esportividade
04/04/2025,,Desafio Noturno Maratona de São Paulo 2025,,,,São Paulo - Zona Sul,Corrida de rua,,https://esportividade.com.br/evento/desafio-noturno-maratona-de-sao-paulo-2025/
05/04/2025,,Maratoninha de São Paulo 2025 - São Paulo,,,,São Paulo - Zona Sul,Corrida infantil,,https://esportividade.com.br/evento/maratoninha-de-sao-paulo-2024-sao-paulo/
06/04/2025,,Circuito Cidades Paulistas 2025 - etapa Valinhos,,,,Interior/litoral-SP,Corrida de rua,,https://esportividade.com.br/evento/circuito-cidades-paulistas-2025-etapa-valinhos/
06/04/2025,Manhã,Jundiaí 21,,,,,Interior/litoral-SP,Corrida de rua,
06/04/2025,Manhã,Maratona Internacional de São Paulo 2025,,,,São Paulo - Zona Oeste, São Paulo - Zona Sul,Corrida de rua,
06/04/2025,Manhã,Parque do Carmo - Circuito Popular de corrida de São Paulo 2025,,,,São Paulo - Zona Leste,Corrida de rua, Corrida de trilha, Corrida infantil
06/04/2025,Manhã,Corrida da Conscientização do Autismo 2025 - Salto,,,,Interior/litoral-SP,Corrida de rua,,https://esportividade.com.br/evento/corrida-da-conscientizacao-do-autismo-2025-salto/
06/04/2025,Manhã,2° Caminhada da Saúde Pense Farma - 2025 - Cotia,,,,Cotia-SP,Caminhada,,https://esportividade.com.br/evento/2a-caminhada-da-saude-pense-farma-2025-cotia/
06/04/2025,Manhã,Circuito Popular de corrida de São Paulo 2025,7,SIM,SIM,Parque do Carmo,Corrida de Rua,Gratuito,https://esportividade.com.br/evento/parque-do-carmo-circuito-popular-de-corrida-de-sao-paulo-2025/
13/04/2025,,25° Meia Maratona Internacional da Cidade de São Paulo - 2025,,,,São Paulo - Centro,Corrida de rua,,https://esportividade.com.br/evento/25a-meia-maratona-internacional-da-cidade-de-sao-paulo-2025/
13/04/2025,,LIVE! RUN XP - abril de 2025 - São Paulo - marginal Pinheiros,,,,São Paulo - Zona Oeste,Corrida de rua, Corrida infantil,
13/04/2025,,Etapa Sesc Campo Limpo - Circuito Sesc de corridas 2025,,,,São Paulo - Zona Sul,Corrida de rua, Skate,
13/04/2025,,4° Pet Run - 2025 - shopping Eldorado,,,,São Paulo - Zona Oeste,Corrida de rua,,https://esportividade.com.br/evento/4a-pet-run-2025-shopping-eldorado/
13/04/2025,,Liga da Justiça Kids Run e Corrida Scooby-Doo 2025 - Guarulhos,,,,Guarulhos-SP,Corrida de rua, Corrida infantil,
13/04/2025,Manhã,Corridas de Montanha 2025 - etapa Paranapiacaba,,,,Santo André-SP,Corrida de montanha, Corrida de trilha,
13/04/2025,Manhã,Circuito Marilson de corrida de rua 2025 - São Bernardo do Campo,,,,São Bernardo do Campo-SP,Corrida de rua,,https://esportividade.com.br/evento/circuito-marilson-de-corrida-de-rua-2025-sao-bernardo-do-campo/
13/04/2025,Manhã,Circuito Rotary Move 2025 - Guarulhos,,,,Guarulhos-SP,Corrida de rua,,https://esportividade.com.br/evento/rotary-move-2024-movimento-pela-saude-guarulhos/
13/04/2025,Manhã,Corrida da Conscientização do Autismo 2025 - Parque Ecológico do Tietê,,,,São Paulo - Zona Leste,Corrida de rua, Corrida de trilha,
13/04/2025,Manhã,Made For The Trail 2025 - Arujá,,,,Arujá-SP,Corrida de trilha,,https://esportividade.com.br/evento/corrida-rustica-do-clube-gecebs-de-beisebol-2023-copy/
20/04/2025,,Etapa Higienópolis/praça Charles Miller 2025 - diurna - Santander Track&Field Run Series,,,,São Paulo - Centro,Corrida de rua,,https://esportividade.com.br/evento/etapa-higienopolis-praca-charles-miller-2025-diurna-santander-trackfield-run-series/
27/04/2025,,Corrida e Caminhada Bem-Estar 2025 - abril - parque Villa-Lobos,,,,São Paulo - Zona Oeste,Corrida de rua,,https://esportividade.com.br/evento/corrida-e-caminhada-bem-estar-2024-parque-villa-lobos/
27/04/2025,,Circuito Cidades Paulistas 2025 - etapa Piracicaba 1,,,,Interior/litoral-SP,Corrida de rua,,https://esportividade.com.br/evento/circuito-cidades-paulistas-2025-etapa-piracicaba-1/
27/04/2025,Manhã,Seven Run 2025 - São Paulo,,,,São Paulo - Zona Oeste,Corrida de rua,,https://esportividade.com.br/evento/seven-run-2025-sao-paulo/
27/04/2025,Manhã,Campinas 2025 - Santander Track&Field Run Series,,,,Interior/litoral-SP,Corrida de rua,,https://esportividade.com.br/evento/campinas-2025-santander-trackfield-run-series/
27/04/2025,Manhã,Colinas Shopping 2025 - Santander Track&Field Run Series,,,,Interior/litoral-SP,Corrida de rua,,https://esportividade.com.br/evento/colinas-shopping-2025-santander-trackfield-run-series/
27/04/2025,Manhã,The Bull Run 2025 - São Paulo,,,,São Paulo - Zona Sul,Corrida de rua,,https://esportividade.com.br/evento/the-bull-run-2025-sao-paulo/
27/04/2025,Manhã,Corrida Pé no Chão Running 2025 - Mogi das Cruzes,,,,Mogi das Cruzes-SP,Corrida de rua,,https://esportividade.com.br/evento/corrida-pe-no-chao-running-2025-mogi-das-cruzes/
27/04/2025,Manhã,Run Day 2025 - Parque Ecológico do Tietê,,,,São Paulo - Zona Leste,Corrida de rua, Corrida de trilha,
27/04/2025,Manhã,Parque Anhanguera/Perus - Circuito Popular de corrida de São Paulo 2025,,,,São Paulo - Zona Norte,Corrida de rua, Corrida de trilha,
27/04/2025,Manhã,Corrida de Aniversírio Juventus 101 anos - 2025 - Porto Track&Field Running Experience,,,,São Paulo - Zona Leste,Corrida de rua,,https://esportividade.com.br/evento/corrida-de-aniversario-juventus-101-anos-2025-trackfield-running-experience/
27/04/2025,Manhã,Circuito Rotary Move 2025 - São Paulo,,,,São Paulo - Centro,Corrida de rua,,https://esportividade.com.br/evento/circuito-de-corridas-rotary-move-2025-sao-paulo/
27/04/2025,Manhã,Sesc Paulista - Treino de corrida gratuito - 27 de abril de 2025,,,,São Paulo - Zona Sul,Corrida de rua,,https://esportividade.com.br/evento/sesc-paulista-treino-de-corrida-gratuito-27-de-abril-de-2025/
27/04/2025,Manhã,Corrida da Conscientização do Autismo 2025 - São Carlos,,,,Interior/litoral-SP,Corrida de rua,,https://esportividade.com.br/evento/corrida-da-conscientizacao-do-autismo-2025-sao-carlos/
27/04/2025,Manhã,Circuito Popular de corrida de São Paulo 2025,5,SIM,SIM,Parque Anhanguera/Perus,Corrida de Rua,Gratuito,https://esportividade.com.br/evento/parque-anhanguera-perus-circuito-popular-de-corrida-de-sao-paulo-2025/
01/05/2025,,20° Ayrton Senna Racing Day - 2025 - autódromo de Interlagos,,,,São Paulo - Zona Sul,Corrida de rua,,https://esportividade.com.br/evento/20o-ayrton-senna-racing-day-2025-autodromo-de-interlagos/
01/05/2025,,14° Desafio dos Trabalhadores - 2025 - Osasco,,,,Osasco-SP,Corrida de rua,,https://esportividade.com.br/evento/14o-desafio-dos-trabalhadores-2025-osasco/
04/05/2025,,1° JK Iguatemi de 2025 - Santander Track&Field Run Series,,,,São Paulo - Zona Oeste,Corrida de rua,,https://esportividade.com.br/evento/1a-jk-iguatemi-de-2025-santander-trackfield-run-series/
04/05/2025,,Corrida do Gari de Sampa 2025,,,,São Paulo - Centro,Corrida de rua,,https://esportividade.com.br/evento/corrida-do-gari-de-sampa-2025/
04/05/2025,Manhã,Corrida São Vicente Meia Maratona de Barueri 2025,,,,Barueri-SP,Corrida de rua,,https://esportividade.com.br/evento/corrida-sao-vicente-meia-maratona-de-barueri-2025/
10/05/2025,,Night Run 2025 - etapa 1 - São Paulo,,,,São Paulo - Centro,Corrida de rua,,https://esportividade.com.br/evento/night-run-2025-etapa-1-sao-paulo/
11/05/2025,,23° Corrida Graacc - 2025 - São Paulo,,,,São Paulo - Zona Sul,Corrida de rua,,https://esportividade.com.br/evento/23a-corrida-graacc-2025-sao-paulo/
11/05/2025,Manhã,Meia Maratona Alpha Run 2025,,,,Barueri-SP,Corrida de rua,,https://esportividade.com.br/evento/meia-maratona-alpha-run-2025/
11/05/2025,Manhã,Etapa praça Charles Miller/Pacaembu 2025 - Circuito Popular de corrida de São Paulo 2025,,,,São Paulo - Centro,Corrida de rua, Corrida infantil,
11/05/2025,Manhã,Bike Series 2025 - autódromo de Interlagos,,,,São Paulo - Zona Sul,Ciclismo,,https://esportividade.com.br/evento/bike-series-2025-ibirapuera/
11/05/2025,Manhã,Circuito Popular de corrida de São Paulo 2025,5,SIM,SIM,Etapa praça Charles Miller/Pacaembu,Corrida de Rua,Gratuito,https://esportividade.com.br/evento/etapa-praca-charles-miller-pacaembu-2025-circuito-popular-de-corrida-de-sao-paulo-2025/
18/05/2025,,ASICS Golden Run 21k 2025 - São Paulo,,,,São Paulo - Zona Oeste,Corrida de rua,,https://esportividade.com.br/evento/asics-golden-run-21k-2025-sao-paulo/
18/05/2025,,Etapa Sesc Bertioga - Circuito Sesc de corridas 2025,,,,Interior/litoral-SP,Corrida de rua, Corrida de trilha,
18/05/2025,,Circuito Cidades Paulistas 2025 - etapa Santana de Parnaíba,,,,Santana de Parnaíba-SP,Corrida de rua,,https://esportividade.com.br/evento/circuito-cidades-paulistas-2025-etapa-santana-de-parnaiba/
18/05/2025,,Energy Land 2025 - parque Villa-Lobos,,,,São Paulo - Zona Oeste,Corrida de rua, Medita��o, Yoga
18/05/2025,Manhã,Meia Maratona de São José 2025 - SJC,,,,Interior/litoral-SP,Corrida de rua,,https://esportividade.com.br/evento/meia-maratona-de-sao-jose-2025-sjc/
18/05/2025,Manhã,Corrida do Café 2025 - São Paulo,,,,São Paulo - Centro,Corrida de rua,,https://esportividade.com.br/evento/corrida-do-cafe-2025-sao-paulo/
18/05/2025,Manhã,Circuito Pague Menos 2025 - etapa Valinhos,,,,Interior/litoral-SP,Corrida de rua,,https://esportividade.com.br/evento/circuito-pague-menos-2025-etapa-valinhos/
18/05/2025,Manhã,10 km Tribuna FM 2025 - Santos,,,,Interior/litoral-SP,Corrida de rua,,https://esportividade.com.br/evento/10-km-tribuna-fm-2025-santos/
18/05/2025,Manhã,Circuito Rotary Move 2025 - Barueri,,,,Barueri-SP,Corrida de rua,,https://esportividade.com.br/evento/circuito-rotary-move-2025-barueri/
25/05/2025,,2° Corrida Plié Pela Primeira Vez - maio de 2025 - São Paulo,,,,São Paulo - Zona Oeste,Corrida de rua,,https://esportividade.com.br/evento/2a-corrida-plie-2025-maio-sao-paulo/
25/05/2025,,Corrida da Enfermagem 2025 - São Paulo,,,,São Paulo - Zona Sul,Corrida de rua,,https://esportividade.com.br/evento/corrida-da-enfermagem-2025-sao-paulo/
25/05/2025,,Shopping Anália Franco 2025 - Santander Track&Field Run Series,,,,São Paulo - Zona Leste,Corrida de rua, Corrida infantil,
25/05/2025,,Bravus Race 2025 - Fire - São Paulo,,,,Interior/litoral-SP,Corrida de obst�culos,,https://esportividade.com.br/evento/bravus-race-2025-fire-sao-paulo/
25/05/2025,,1° Kids Run do Parque da Cidade - 2025,,,,São Paulo - Zona Sul,Corrida infantil,,https://esportividade.com.br/evento/1a-kids-run-do-parque-da-cidade-2025/
25/05/2025,Manhã,Desafio pico do Urubu 2025 - Mogi das Cruzes - Skyrunning Brazil,,,,Mogi das Cruzes-SP,Corrida de montanha, Corrida de trilha,
25/05/2025,Manhã,Sesc Paulista - Treino de corrida gratuito - 25 de maio de 2025,,,,São Paulo - Zona Sul,Corrida de rua,,https://esportividade.com.br/evento/sesc-paulista-treino-de-corrida-gratuito-25-de-maio-de-2025/
25/05/2025,Manhã,Corrida Maio Amarelo 2025 - Parque Ecológico do Tietê,,,,São Paulo - Zona Leste,Corrida de rua, Corrida de trilha, Corrida feminina
25/05/2025,Manhã,Circuito Rosalia 2025 - São Paulo,,,,São Paulo - Zona Oeste,Corrida de rua, Corrida infantil,
31/05/2025,,Storm Challenge 2025 - São Paulo,,,,São Paulo - Zona Sul,Cross training,,https://esportividade.com.br/evento/storm-challenge-2025-sao-paulo/
01/06/2025,,Etapa Sesc São José do Rio Preto - Circuito Sesc de corridas 2025,,,,Interior/litoral-SP,Corrida de rua,,https://esportividade.com.br/evento/etapa-sesc-sao-jose-do-rio-preto-circuito-sesc-de-corridas-2025/
01/06/2025,,Circuito Cidades Paulistas 2025 - etapa Pedreira,,,,Interior/litoral-SP,Corrida de rua,,https://esportividade.com.br/evento/circuito-cidades-paulistas-2025-etapa-pedreira/
01/06/2025,,Eco Run 2025 - Sorocaba,,,,Interior/litoral-SP,Corrida de rua,,https://esportividade.com.br/evento/eco-run-2025-piracicaba-copy/
01/06/2025,,Hello Kitty and Friends Fun Run 2025 - São Paulo,,,,São Paulo - Zona Oeste,Corrida de rua,,https://esportividade.com.br/evento/hello-kitty-and-friends-fun-run-2025-sao-paulo/
01/06/2025,,10k SP Challenge - Market Place - 2025,,,,São Paulo - Zona Sul,Corrida de rua,,https://esportividade.com.br/evento/10k-sp-challenge-market-place-2025/
01/06/2025,,SRun 2025 - Circuito Santander - etapa do Ipiranga - São Paulo,,,,São Paulo - Zona Sul,Corrida de rua,,https://esportividade.com.br/evento/srun-2025-circuito-santander-etapa-do-ipiranga-sao-paulo/
01/06/2025,Manhã,Meia de Santos 2025,,,,Interior/litoral-SP,Corrida de rua,,https://esportividade.com.br/evento/meia-de-santos-2025/
01/06/2025,Manhã,Porto Track&Field Experience Running 2025 - centro de São Paulo,,,,São Paulo - Centro,Corrida de rua,,https://esportividade.com.br/evento/porto-trackfield-experience-running-2025-centro-de-sao-paulo/
08/06/2025,,Circuito Banco do Brasil 2025 - São Paulo,,,,São Paulo - Centro,Corrida de rua,,https://esportividade.com.br/evento/circuito-banco-do-brasil-2025-sao-paulo/
08/06/2025,,2° Shopping VillaLobos de 2025 - Santander Track&Field Run Series,,,,São Paulo - Zona Oeste,Corrida de rua,,https://esportividade.com.br/evento/2a-shopping-villalobos-de-2025-santander-trackfield-run-series/
08/06/2025,,Reebok Extra Mile 2025 - São Paulo,,,,São Paulo - Zona Oeste,Atletismo, Corrida de rua,
08/06/2025,Manhã,Ceret - Circuito Popular de corrida de São Paulo 2025,,,,São Paulo - Zona Leste,Corrida de rua, Corrida infantil,
08/06/2025,Manhã,Toth Run 2025 - Ribeirão Pires,,,,Ribeirão Pires-SP,Corrida de rua, Corrida infantil,
08/06/2025,Manhã,Let's Run Girl - junho de 2025 - Parque Ecológico do Tietê,,,,São Paulo - Zona Leste,Corrida de rua, Corrida de trilha, Corrida feminina
08/06/2025,Manhã,Circuito Popular de corrida de São Paulo 2025,N/I,SIM,SIM,Ceret ,Corrida de Rua,Gratuito,https://esportividade.com.br/evento/ceret-circuito-popular-de-corrida-de-sao-paulo-2025/
14/06/2025,,Tricolor Run noturna de 2025 - est�dio do Morumbi,,,,São Paulo - Zona Oeste,Corrida de rua, Corrida infantil,
15/06/2025,,Eco Run 2025 - São Paulo,,,,São Paulo - Zona Sul,Corrida de rua,,https://esportividade.com.br/evento/eco-run-2025-sao-paulo/
15/06/2025,,Circuito Cidades Paulistas 2025 - etapa Piracicaba 2,,,,Interior/litoral-SP,Corrida de rua,,https://esportividade.com.br/evento/circuito-cidades-paulistas-2025-etapa-piracicaba-2/
15/06/2025,Manhã,Maratona Internacional de Praia Grande 2025,,,,Interior/litoral-SP,Corrida de rua,,https://esportividade.com.br/evento/maratona-internacional-de-praia-grande-2025/
15/06/2025,Manhã,Athenas 25k 2025 - Run Stronger - São Paulo,,,,São Paulo - Zona Oeste,Corrida de rua, Corrida infantil,
15/06/2025,Manhã,São Paulo Classic Run 2025 - centro hist�rico,,,,São Paulo - Centro,Corrida de rua,,https://esportividade.com.br/evento/sao-paulo-classic-run-2025-centro-historico/
15/06/2025,Manhã,Circuito Pague Menos 2025 - etapa Itu,,,,Interior/litoral-SP,Corrida de rua,,https://esportividade.com.br/evento/circuito-pague-menos-2025-etapa-itu/
15/06/2025,Manhã,Athenas 21.1k 2025 - Run Stronger - São Paulo,6/12/18/25,SIM,NÃO,Parque do Povo,Corrida de Rua,a partir de R$ 159,90 + taxa,https://iguanasports.com.br/blogs/calendario-corridas-de-rua/athenas-run-faster-2026
15/06/2025,Manhã,Athenas Kids 2025 - Run Stronger - São Paulo,N/I,SIM,SIM,Parque do Povo,Corrida de Rua,a partir de R$ 159,90 + taxa,https://iguanasports.com.br/blogs/calendario-corridas-de-rua/athenas-run-faster-2027
21/06/2025,,2° Corrida do Orgulho LGBT+ - 2025,,,,São Paulo - Zona Oeste,Corrida de rua,,https://esportividade.com.br/evento/2a-corrida-do-orgulho-lgbt-2025/
21/06/2025,,Urban Jungle Run 2025 - Horto e Cantareira - São Paulo,,,,São Paulo - Zona Norte,Corrida de rua,,https://esportividade.com.br/evento/urban-jungle-run-2025-horto-e-cantareira-sao-paulo/
22/06/2025,Manhã,Sesc Paulista - Treino de corrida gratuito - 22 de junho de 2025,,,,São Paulo - Zona Sul,Corrida de rua,,https://esportividade.com.br/evento/sesc-paulista-treino-de-corrida-gratuito-22-de-junho-de-2025/
29/06/2025,,Corrida Superman & Supergirl 2025 - São Paulo,,,,São Paulo - Zona Sul,Corrida de rua,,https://esportividade.com.br/evento/corrida-superman-supergirl-2025-sao-paulo/
29/06/2025,,Circuito das Estações 2025 - etapa Inverno - São Paulo,,,,São Paulo - Centro,Corrida de rua,,https://esportividade.com.br/evento/circuito-das-estacoes-2025-etapa-inverno-sao-paulo/
29/06/2025,,Etapa MorumbiShopping de 2025 - Santander Track&Field Run Series,,,,São Paulo - Zona Sul,Corrida de rua,,https://esportividade.com.br/evento/etapa-market-place-de-2025-santander-trackfield-run-series/
29/06/2025,,4° Passeio Ciclistico do Parque - 2025,,,,São Paulo - Zona Sul,Ciclismo,,https://esportividade.com.br/evento/4o-passeio-ciclistico-do-parque-2025/
29/06/2025,Manhã,22° Meia Maratona de Santo André - 2025,,,,Santo André-SP,Corrida de rua, Corrida infantil,
29/06/2025,Manhã,Corrida e Caminhada Um Só Sangue 2025 - São Paulo,,,,São Paulo - Zona Norte,Corrida de rua, Corrida infantil,
29/06/2025,Manhã,Circuito das Estações 2025 - etapa Inverno - São Paulo,5/10/13,SIM,NÃO,Praça Charles Miller/Pacaembu,Corrida de Rua,a partir de R$ 215,99,http://www.circuitodasestacoes.com.br
06/07/2025,,Os Smurfs Run 2025 - São Paulo,,,,São Paulo - Zona Oeste,Corrida de rua, Corrida infantil,
06/07/2025,,Multishow Run Festival 2025 - São Paulo,,,,São Paulo - Centro,Corrida de rua,,https://esportividade.com.br/evento/multishow-music-run-2025-sao-paulo/
06/07/2025,,28° Corrida do Bombeiro - 2025 - Ipiranga - São Paulo,,,,São Paulo - Zona Sul,Corrida de rua,,https://esportividade.com.br/evento/28a-corrida-do-bombeiro-2025-ipiranga-sao-paulo/
06/07/2025,,Circuito Cidades Paulistas 2025 - etapa Piracicaba 3,,,,Interior/litoral-SP,Corrida de rua,,https://esportividade.com.br/evento/circuito-cidades-paulistas-2025-etapa-piracicaba-3/
06/07/2025,Manhã,Hoka Speed Run 2025 - São Paulo,,,,São Paulo - Zona Oeste,Corrida de rua,,https://esportividade.com.br/evento/hoka-speed-run-2025-sao-paulo/
06/07/2025,Manhã,Pirituba - Circuito Popular de corrida de São Paulo 2025,,,,São Paulo - Zona Norte,Corrida de rua, Corrida infantil,
06/07/2025,Manhã,Porto Track&Field Experience Running 2025 - Ceret,,,,São Paulo - Zona Leste,Corrida de rua,,https://esportividade.com.br/evento/porto-trackfield-experience-running-2025-ceret/
06/07/2025,Manhã,Circuito Popular de corrida de São Paulo 2025,5,SIM,SIM,Pirituba ,Corrida de Rua,Gratuito,https://esportividade.com.br/evento/pirituba-circuito-popular-de-corrida-de-sao-paulo-2025/
09/07/2025,,1° Kids Run do Butantã Shopping - 2025,,,,São Paulo - Zona Oeste,Corrida infantil,,https://esportividade.com.br/evento/1a-kids-run-do-butanta-shopping-2025/
13/07/2025,,Etapa de São Paulo de julho - LIVE! RUN XP 2025,,,,São Paulo - Zona Sul,Corrida de rua, Corrida infantil,
13/07/2025,,2° Center Norte de 2025 - Santander Track&Field Run Series,,,,São Paulo - Zona Norte,Corrida de rua, Corrida infantil,
13/07/2025,,Só Quero Pedalar - julho de 2025 - São Paulo,,,,São Paulo - Zona Oeste,Ciclismo,,https://esportividade.com.br/evento/so-quero-pedalar-julho-de-2025-sao-paulo/
20/07/2025,,Shopping Eldorado 2025 - Santander Track&Field Run Series,,,,São Paulo - Zona Oeste,Corrida de rua,,https://esportividade.com.br/evento/shopping-eldorado-2025-santander-trackfield-run-series/
20/07/2025,,Circuito Cidades Paulistas 2025 - etapa São Carlos,,,,Interior/litoral-SP,Corrida de rua,,https://esportividade.com.br/evento/circuito-cidades-paulistas-2025-etapa-sao-carlos/
20/07/2025,,Blue Run 2025 - Circuito Porto - etapa do Ipiranga - São Paulo,,,,São Paulo - Zona Sul,Corrida de rua,,https://esportividade.com.br/evento/blue-run-2025-circuito-porto-etapa-do-ipiranga-sao-paulo/
20/07/2025,Manhã,Sesc Paulista - Treino de corrida gratuito - 20 de julho de 2025,,,,São Paulo - Zona Sul,Corrida de rua,,https://esportividade.com.br/evento/sesc-paulista-treino-de-corrida-gratuito-20-de-julho-de-2025/
20/07/2025,Manhã,Corrida e Caminhada Eu Mulher 2025 - São Paulo,,,,São Paulo - Zona Sul,Corrida de rua, Corrida feminina,
26/07/2025,Noite,Night Race Mogi das Cruzes 2025,,,,Mogi das Cruzes-SP,Corrida de rua,,https://esportividade.com.br/evento/night-race-mogi-das-cruzes-2025/
27/07/2025,,Etapa Jardim Botânico 2025 - Plaza Sul - Santander Track&Field Run Series,,,,São Paulo - Zona Sul,Corrida de rua,,https://esportividade.com.br/evento/etapa-jardim-botanico-2025-plaza-sul-santander-trackfield-run-series/
27/07/2025,,11° Corrida do Shopping Aricanduva - 2025,,,,São Paulo - Zona Leste,Corrida de rua,,https://esportividade.com.br/evento/11a-caorrida-do-shopping-aricanduva-2025/
27/07/2025,,Etapa Sesc Catanduva - Circuito Sesc de corridas 2025,,,,Interior/litoral-SP,Corrida de rua,,https://esportividade.com.br/evento/etapa-sesc-catanduva-circuito-sesc-de-corridas-2025/
27/07/2025,Manhã,On SP City Marathon e SP City Half Marathon 2025,,,,São Paulo - Centro, São Paulo - Zona Oeste, São Paulo - Zona Sul,Corrida de rua
27/07/2025,Manhã,3° Meia Maratona Internacional de Guarulhos - GRU 21k - 2025,,,,Guarulhos-SP,Corrida de rua,,https://esportividade.com.br/evento/3a-meia-maratona-internacional-de-guarulhos-gru-21k-2025/
03/08/2025,,Corrida Rústica Sesc Interlagos - Circuito Sesc de corridas 2025,,,,São Paulo - Zona Sul,Corrida de rua, Corrida de trilha,
03/08/2025,,2° JK Iguatemi de 2025 - Santander Track&Field Run Series,,,,São Paulo - Zona Oeste,Corrida de rua,,https://esportividade.com.br/evento/2a-jk-iguatemi-de-2025-santander-trackfield-run-series/
03/08/2025,Manhã,3° Cãominhada do Parque da Cidade - 2025,,,,São Paulo - Zona Sul,Corrida de rua,,https://esportividade.com.br/evento/3a-caominhada-do-parque-da-cidade-2025/
09/08/2025,,Etapa de Campinas Aeroporto - LIVE! RUN XP 2025,,,,Interior/litoral-SP,Corrida de rua,,https://esportividade.com.br/evento/etapa-de-campinas-aeroporto-live-run-xp-2025/
10/08/2025,,Etapa Pompeia/praça Charles Miller 2025 - diurna - Santander Track&Field Run Series,,,,São Paulo - Centro,Corrida de rua,,https://esportividade.com.br/evento/etapa-pompeia-praca-charles-miller-2025-diurna-santander-trackfield-run-series/
10/08/2025,,New Balance 15k 2025 - São Paulo,,,,São Paulo - Zona Oeste,Corrida de rua,,https://esportividade.com.br/evento/new-balance-15k-2025-sao-paulo/
10/08/2025,,Bravus Race 2025 - Monster - São Paulo,,,,Interior/litoral-SP,Corrida de obst�culos,,https://esportividade.com.br/evento/bravus-race-2025-monster-sao-paulo/
10/08/2025,Manhã,Penha - Circuito Popular de corrida de São Paulo 2025,,,,São Paulo - Zona Leste,Corrida de rua, Corrida infantil,
10/08/2025,Manhã,Circuito Popular de corrida de São Paulo 2025,5,SIM,SIM,Penha ,Corrida de Rua,Gratuito,https://esportividade.com.br/evento/penha-circuito-popular-de-corrida-de-sao-paulo-2025/
17/08/2025,,Circuito Juntos Bota pra Correr 2025 - São Paulo - agosto,,,,São Paulo - Zona Sul,Corrida de rua,,https://esportividade.com.br/evento/circuito-juntos-2025-sao-paulo-junho/
17/08/2025,,2° Shopping Cidade Jardim de 2025 - Santander Track&Field Run Series,,,,São Paulo - Zona Oeste,Corrida de rua,,https://esportividade.com.br/evento/2a-shopping-cidade-jardim-de-2025-santander-trackfield-run-series/
17/08/2025,,SP Kids Run 2025 - shopping SP Market,,,,São Paulo - Zona Sul,Corrida infantil,,https://esportividade.com.br/evento/sp-kids-run-2025-shopping-sp-market/
17/08/2025,Manhã,Circuito Pague Menos 2025 - etapa Piracicaba,,,,Interior/litoral-SP,Corrida de rua,,https://esportividade.com.br/evento/circuito-pague-menos-2025-etapa-piracicaba/
17/08/2025,Manhã,Butantã/USP - Circuito Popular de corrida de São Paulo 2025,,,,São Paulo - Zona Oeste,Corrida de rua, Corrida infantil,
17/08/2025,Manhã,Circuito Popular de corrida de São Paulo 2025,10,SIM,SIM,Butantã/USP,Corrida de Rua,Gratuito,https://esportividade.com.br/evento/butanta-usp-circuito-popular-de-corrida-de-sao-paulo-2025/
24/08/2025,,Mooca Plaza Shopping 2025 - Santander Track&Field Run Series,,,,São Paulo - Zona Leste,Corrida de rua, Corrida infantil,
24/08/2025,,Netshoes Run 2025 - São Paulo,,,,São Paulo - Zona Oeste,Corrida de rua, Corrida infantil,
24/08/2025,,Eco Run 2025 - Piracicaba,,,,Interior/litoral-SP,Corrida de rua,,https://esportividade.com.br/evento/eco-run-2025-piracicaba/
24/08/2025,,Corrida da Academia do Barro Branco 2025 - centro de São Paulo,,,,São Paulo - Centro,Corrida de rua,,https://esportividade.com.br/evento/corrida-da-academia-do-barro-branco-2025-centro-de-sao-paulo/
24/08/2025,Manhã,Maratona Fila 2025 - São Paulo,,,,São Paulo - Zona Oeste,Corrida de rua,,https://esportividade.com.br/evento/maratona-fila-2025-sao-paulo/
24/08/2025,Manhã,Parque Shopping Maia 2025 - Santander Track&Field Run Series,,,,Guarulhos-SP,Corrida de rua, Corrida infantil,
31/08/2025,,Ladybug Family Sports 2025 - São Paulo,,,,São Paulo - Zona Norte,Corrida de rua, Corrida infantil,
31/08/2025,,Corporate Run 2025 - São Paulo,,,,São Paulo - Zona Sul,Corrida de rua,,https://esportividade.com.br/evento/corporate-run-2025-sao-paulo/
31/08/2025,,Meia maratona do Circuito Popular de corrida de São Paulo 2025 - Itaquera,,,,São Paulo - Zona Leste,Corrida de rua, Corrida infantil,
31/08/2025,Manhã,Run The Bridge 2025 - ponte estaiada - São Paulo,,,,São Paulo - Zona Oeste, São Paulo - Zona Sul,Corrida de rua,
31/08/2025,Manhã,Shopping ABC 2025 - Santander Track&Field Run Series,,,,Santo André-SP,Corrida de rua, Corrida infantil,
31/08/2025,Manhã,Sesc Paulista - Treino de corrida gratuito - 31 de agosto de 2025,,,,São Paulo - Zona Sul,Corrida de rua,,https://esportividade.com.br/evento/sesc-paulista-treino-de-corrida-gratuito-31-de-agosto-de-2025/
31/08/2025,Manhã,Meia maratona do Circuito Popular de corrida de São Paulo 2025,21,097,SIM,SIM,Itaquera,Corrida de Rua,Gratuito,https://esportividade.com.br/evento/meia-maratona-do-circuito-popular-de-corrida-de-sao-paulo-2025-itaquera/
07/09/2025,,Trof�u da Independência do Brasil 2025,,,,São Paulo - Zona Sul,Corrida de rua,,https://esportividade.com.br/evento/trofeu-da-independencia-do-brasil-2025/
07/09/2025,,Circuito das Estações 2025 - etapa Primavera - São Paulo,,,,São Paulo - Centro,Corrida de rua,,https://esportividade.com.br/evento/circuito-das-estacoes-2025-etapa-primavera-sao-paulo/
07/09/2025,Manhã,Parque do Trote - Circuito Popular de corrida de São Paulo 2025,,,,São Paulo - Zona Norte,Corrida de rua, Corrida de trilha, Corrida infantil
07/09/2025,Manhã,Circuito Popular de corrida de São Paulo 2025,5,SIM,SIM,Parque do Trote,Corrida de Rua,Gratuito,https://esportividade.com.br/evento/parque-do-trote-circuito-popular-de-corrida-de-sao-paulo-2025/
07/09/2025,Manhã,Circuito das Estações 2025 - etapa Primavera - São Paulo,5/10/13,SIM,NÃO,Praça Charles Miller/Pacaembu,Corrida de Rua,a partir de R$ 215,99,http://www.circuitodasestacoes.com.br
13/09/2025,,Batman & Batgirl Run Series 2025 - São Paulo,,,,São Paulo - Centro,Corrida de rua,,https://esportividade.com.br/evento/batman-batgirl-run-series-2025-sao-paulo/
13/09/2025,,Night Run 2025 - Campinas,,,,Interior/litoral-SP,Corrida de rua,,https://esportividade.com.br/evento/night-run-2025-campinas/
14/09/2025,,Corrida Esporte Clube Pinheiros 126 anos - 2025 - Santander Track&Field Run Series,,,,São Paulo - Zona Oeste,Corrida de rua,,https://esportividade.com.br/evento/corrida-esporte-clube-pinheiros-126-anos-2025-santander-trackfield-run-series/
14/09/2025,Manhã,Run Arujá 2025,,,,Arujá-SP,Corrida de rua,,https://esportividade.com.br/evento/run-aruja-2025/
14/09/2025,Manhã,Corridas de Montanha 2025 - etapa Mairiporã,,,,Mairiporã-SP,Corrida de montanha,,https://esportividade.com.br/evento/corridas-de-montanha-2025-etapa-mairipora/
20/09/2025,,Pedalada Noturna do Sesc Pinheiros 2025 - Semana Move,,,,São Paulo - Centro, São Paulo - Zona Oeste, São Paulo - Zona Sul,Ciclismo
20/09/2025,Noite,Etapa Higienópolis/praça Charles Miller 2025 - noturna - Santander Track&Field Run Series,,,,São Paulo - Centro,Corrida de rua,,https://esportividade.com.br/evento/etapa-higienopolis-praca-charles-miller-2025-noturna-santander-trackfield-run-series/
21/09/2025,,Ironman 70.3 São Paulo 2025,,,,São Paulo - Zona Oeste,Triatlo,,https://esportividade.com.br/evento/ironman-70-3-sao-paulo-2025/
21/09/2025,,Corrida Circuito Assaí 2025 - São Paulo,,,,São Paulo - Zona Leste,Corrida de rua,,https://esportividade.com.br/evento/corrida-circuito-assai-2025-sao-paulo/
21/09/2025,Manhã,Parque Dom Pedro Shopping 21,097 km 2025 - Santander Track&Field Run Series,,,,Interior/litoral-SP,Corrida de rua,
21/09/2025,Manhã,95° Volta da Penha - 2025,,,,São Paulo - Zona Leste,Corrida de rua,,https://esportividade.com.br/evento/95a-volta-da-penha-2025/
27/09/2025,Tarde,Circuito Pague Menos 2025 - etapa noturna Paul�nia,,,,Interior/litoral-SP,Corrida de rua,,https://esportividade.com.br/evento/circuito-pague-menos-2025-etapa-noturna-paulinia/
28/09/2025,,31° Corrida e Caminhada do Pão de Açúcar - 2025 - São Paulo,,,,São Paulo - Zona Sul,Corrida de rua,,https://esportividade.com.br/evento/31a-corrida-e-caminhada-do-pao-de-acucar-2025-sao-paulo/
28/09/2025,,Corrida Pela Doação de Órgãos 2025 - São Paulo,,,,São Paulo - Centro,Corrida de rua,,https://esportividade.com.br/evento/corrida-pela-doacao-de-orgaos-2025-sao-paulo/
28/09/2025,,3° Corrida Plié Pela Primeira Vez - setembro de 2025 - São Paulo,,,,São Paulo - Zona Oeste,Corrida de rua,,https://esportividade.com.br/evento/3a-corrida-plie-2025-setembro-sao-paulo/
28/09/2025,,Etapa Sesc Presidente Prudente - Circuito Sesc de corridas 2025,,,,Interior/litoral-SP,Corrida de rua,,https://esportividade.com.br/evento/etapa-sesc-presidente-prudente-circuito-sesc-de-corridas-2025/
28/09/2025,,5° Pet Run - 2025 - shopping Eldorado,,,,São Paulo - Zona Oeste,Corrida de rua,,https://esportividade.com.br/evento/5a-pet-run-2025-shopping-eldorado/
28/09/2025,Manhã,Sesc Paulista - Treino de corrida gratuito - 28 de setembro de 2025,,,,São Paulo - Zona Sul,Corrida de rua,,https://esportividade.com.br/evento/sesc-paulista-treino-de-corrida-gratuito-28-de-setembro-de-2025/
05/10/2025,,2° Shopping Vila Olímpia 2025 - Santander Track&Field Run Series,,,,São Paulo - Zona Oeste,Corrida de rua,,https://esportividade.com.br/evento/2a-shopping-vila-olimpia-2025-santander-trackfield-run-series/
05/10/2025,,20�°Corrida do Shopping Aricanduva - Aricanduva Run - 2025,,,,São Paulo - Zona Leste,Corrida de rua,,https://esportividade.com.br/evento/20a-corrida-do-shopping-aricanduva-aricanduva-run-2025/
05/10/2025,Manhã,7° SP Pink Run - 2025 - shopping SP Market,,,,São Paulo - Zona Sul,Corrida de rua, Corrida feminina,
11/10/2025,,5° Cau Saad no shopping Parque da Cidade - outubro de 2025,,,,São Paulo - Zona Sul,Treinamento funcional,,https://esportividade.com.br/evento/5o-cau-saad-no-shopping-parque-da-cidade-outubro-de-2025/
12/10/2025,,Corrida Cartoon 2025 - São Paulo,,,,São Paulo - Zona Norte,Corrida de rua, Corrida infantil,
12/10/2025,,Corrida Kids 2025 - Instituto Olga Kos - outubro,,,,São Paulo - Zona Sul,Atletismo, Corrida infantil,
12/10/2025,Manhã,62° Corrida e Caminhada Contra o Câncer de Mama - 2025  - São Paulo,,,,São Paulo - Zona Sul,Corrida de rua,,https://esportividade.com.br/evento/62a-corrida-e-caminhada-contra-o-cancer-de-mama-2025-sao-paulo/
18/10/2025,,2° Kids Run do Parque da Cidade - 2025,,,,São Paulo - Zona Sul,Corrida infantil,,https://esportividade.com.br/evento/2a-kids-run-do-parque-da-cidade-2025/
18/10/2025,,Ultra BM 2025 - corrida Bertioga-Maresias,,,,Interior/litoral-SP,Corrida de rua, Corrida de trilha,
18/10/2025,Tarde,Corrida Só Delas 2025,,,,São Paulo - Zona Leste,Corrida de rua,,https://esportividade.com.br/evento/corrida-so-delas-2025/
19/10/2025,,3° Center Norte de 2025 - Santander Track&Field Run Series,,,,São Paulo - Zona Norte,Corrida de rua, Corrida infantil,
19/10/2025,,62° Volta da USP - 2025,,,,São Paulo - Zona Oeste,Corrida de rua,,https://esportividade.com.br/evento/62a-volta-da-usp-2025/
19/10/2025,Manhã,Athenas 28k 2025 - Run Longer - São Paulo,,,,São Paulo - Zona Oeste,Corrida de rua, Corrida infantil,
19/10/2025,Manhã,SporTV Run 2025 - São Paulo,,,,São Paulo - Zona Sul,Corrida de rua,,https://esportividade.com.br/evento/sportv-run-2025-sao-paulo/
19/10/2025,Manhã,MackRun 2025 - corrida do Mackenzie - São Paulo,,,,São Paulo - Centro,Corrida de rua,,https://esportividade.com.br/evento/mackrun-2025-corrida-do-mackenzie-sao-paulo/
19/10/2025,Manhã,Athenas 21.1k 2025 - Run Longer - São Paulo,7/14/21.1/28,SIM,NÃO,Parque do Povo,Corrida de Rua,a partir de R$ 159,90 + taxa,https://iguanasports.com.br/blogs/calendario-corridas-de-rua/athenas-run-faster-2027
19/10/2025,Manhã,Athenas Kids 2025 - Run Longer - São Paulo,N/I,SIM,SIM,Parque do Povo,Corrida de Rua,a partir de R$ 159,90 + taxa,https://iguanasports.com.br/blogs/calendario-corridas-de-rua/athenas-run-faster-2027
26/10/2025,,São Paulo Classic Run 2025 - marginal Pinheiros,,,,São Paulo - Zona Oeste, São Paulo - Zona Sul,Corrida de rua,
26/10/2025,,Corrida da Barbie 2025 - Barbie Run - São Paulo,,,,São Paulo - Centro,Corrida de rua,,https://esportividade.com.br/evento/corrida-da-barbie-2025-barbie-run-sao-paulo/
26/10/2025,,Circuito Biomas 2025 - São Paulo,,,,São Paulo - Zona Sul,Corrida de rua,,https://esportividade.com.br/evento/circuito-biomas-2025-sao-paulo/
26/10/2025,,Corrida Sesc Santos - Circuito Sesc de corridas 2025,,,,Interior/litoral-SP,Corrida de rua, Corrida de trilha,
26/10/2025,,Circuito Airport & Run 2025 - Cumbica (GRU) - aeroporto de Guarulhos,,,,Guarulhos-SP,Corrida de rua,,https://esportividade.com.br/evento/circuito-airport-run-2025-cumbica-gru-aeroporto-de-guarulhos/
26/10/2025,Manhã,Circuito Pague Menos 2025 - etapa Mogi Guaçu,,,,Interior/litoral-SP,Corrida de rua,,https://esportividade.com.br/evento/circuito-pague-menos-2025-etapa-mogi-guacu/
26/10/2025,Manhã,Sesc Paulista - Treino de corrida gratuito - 26 de outubro de 2025,,,,São Paulo - Zona Sul,Corrida de rua,,https://esportividade.com.br/evento/sesc-paulista-treino-de-corrida-gratuito-26-de-outubro-de-2025/
01/11/2025,,Night Run 2025 - etapa 2 - São Paulo,,,,São Paulo - Centro,Corrida de rua,,https://esportividade.com.br/evento/night-run-2025-etapa-2-sao-paulo/
02/11/2025,,3° JK Iguatemi de 2025 - Santander Track&Field Run Series,,,,São Paulo - Zona Oeste,Corrida de rua,,https://esportividade.com.br/evento/3a-jk-iguatemi-de-2025-santander-trackfield-run-series/
09/11/2025,,5° Passeio Ciclistico do Parque - 2025,,,,São Paulo - Zona Sul,Ciclismo,,https://esportividade.com.br/evento/5o-passeio-ciclistico-do-parque-2025/
16/11/2025,,Meia de Sampa 2025,,,,São Paulo - Zona Oeste,Corrida de rua,,https://esportividade.com.br/evento/meia-de-sampa-2025/
16/11/2025,,Circuito de Corridas Caixa - Ibirapuera - 2025,,,,São Paulo - Zona Sul,Corrida de rua,,https://esportividade.com.br/evento/circuito-de-corridas-caixa-ibirapuera-2025/
16/11/2025,Manhã,Shopping Piracicaba 2025 - Santander Track&Field Run Series,,,,Interior/litoral-SP,Corrida de rua,,https://esportividade.com.br/evento/shopping-piracicaba-2025-santander-trackfield-run-series/
16/11/2025,Manhã,Circuito Pague Menos 2025 - etapa Campinas,,,,Interior/litoral-SP,Corrida de rua,,https://esportividade.com.br/evento/circuito-pague-menos-2025-etapa-campinas/
23/11/2025,,Icesp Run 2025 - corrida pelú saúde - São Paulo,,,,São Paulo - Zona Sul,Corrida de rua,,https://esportividade.com.br/evento/icesp-run-2025-corrida-pela-saude-sao-paulo/
23/11/2025,,Storm Riders - novembro de 2025 - marginal Pinheiros,,,,São Paulo - Zona Oeste,Ciclismo,,https://esportividade.com.br/evento/storm-riders-novembro-de-2025-marginal-pinheiros/
23/11/2025,,Etapa Sesc São Carlos - Circuito Sesc de corridas 2025,,,,Interior/litoral-SP,Corrida de rua,,https://esportividade.com.br/evento/etapa-sesc-sao-carlos-circuito-sesc-de-corridas-2025/
23/11/2025,Manhã,Sesc Paulista - Treino de corrida gratuito - 23 de novembro de 2025,,,,São Paulo - Zona Sul,Corrida de rua,,https://esportividade.com.br/evento/sesc-paulista-treino-de-corrida-gratuito-23-de-novembro-de-2025/
30/11/2025,,Corrida Mulher-Maravilha 2025 - novembro - São Paulo,,,,São Paulo - Centro,Corrida de rua, Corrida feminina,
30/11/2025,,Venus Women's Half Marathon 2025 - São Paulo,,,,São Paulo - Zona Oeste,Corrida de rua, Corrida feminina,
30/11/2025,,Farol Santander (prédio do Banespa) 2025 - Santander Track&Field Run Series,,,,São Paulo - Centro,Corrida vertical,,https://esportividade.com.br/evento/farol-santander-predio-do-banespa-2025-santander-trackfield-run-series/
30/11/2025,,Etapa de Campinas II - LIVE! RUN XP 2025,,,,Interior/litoral-SP,Corrida de rua, Corrida infantil,
30/11/2025,,Bravus Race 2024 - Speed II - São Paulo,,,,Interior/litoral-SP,Corrida de obst�culos,,https://esportividade.com.br/evento/bravus-race-2024-speed-ii-sao-paulo/
30/11/2025,Manhã,Maratona Internacional Sorocaba Novembro Azul 2025,,,,Interior/litoral-SP,Corrida de rua,,https://esportividade.com.br/evento/maratona-internacional-sorocaba-novembro-azul-2025/
07/12/2025,,Tricolor Run - dezembro de 2025 - est�dio do Morumbi,,,,São Paulo - Zona Oeste,Corrida de rua, Corrida infantil,
07/12/2025,,58° Corrida Sargento Gonzaguinha - 2025 - São Paulo,,,,São Paulo - Centro, São Paulo - Zona Norte,Corrida de rua,
07/12/2025,,3° Shopping VillaLobos de 2025 - Santander Track&Field Run Series,,,,São Paulo - Zona Oeste,Corrida de rua,,https://esportividade.com.br/evento/3a-shopping-villalobos-de-2025-santander-trackfield-run-series/
07/12/2025,,Corrida IncluSão a Toda Prova SP - dezembro de 2025 - Instituto Olga Kos,,,,São Paulo - Zona Sul,Corrida de rua,,https://esportividade.com.br/evento/corrida-inclusao-a-toda-prova-sp-dezembro-de-2025-instituto-olga-kos/
07/12/2025,,Etapa Sesc Araçatuba - Corrida do Fogo - Circuito Sesc de corridas 2025,,,,Interior/litoral-SP,Corrida de rua,,https://esportividade.com.br/evento/etapa-sesc-aracatuba-circuito-sesc-de-corridas-2025/
14/12/2025,,Corrida Monte Líbano 2025 - São Paulo,,,,São Paulo - Zona Sul,Corrida de rua,,https://esportividade.com.br/evento/corrida-monte-libano-2025-sao-paulo/
14/12/2025,,24° Corrida Arrastão pela Cidadania - MPR - 2025,,,,São Paulo - Zona Oeste,Corrida de rua, Corrida infantil,
14/12/2025,,Circuito das Estações 2025 - etapa Verão - São Paulo,,,,São Paulo - Centro,Corrida de rua,,https://esportividade.com.br/evento/circuito-das-estacoes-2025-etapa-verao-sao-paulo/
14/12/2025,,São Silvestrinha 2025 - São Paulo,,,,São Paulo - Zona Sul,Atletismo, Corrida infantil,
21/12/2025,Manhã,Circuito das Estações 2025 - etapa Verão - São Paulo,5/10/13,SIM,NÃO,Praça Charles Miller/Pacaembu,Corrida de Rua,a partir de R$ 215,99,http://www.circuitodasestacoes.com.br
31/12/2025,,100° Corrida de São Silvestre - 2025 - centésima,,,,São Paulo - Centro,Corrida de rua,,https://esportividade.com.br/evento/100a-corrida-de-sao-silvestre-2025-centesima/